index,Word,Freq
0,HZI,212
1,site,167
2,design,125
3,contract,125
4,contractor,124
5,works,113
6,schedule,108
7,project,103
8,time,93
9,Civil,86
10,documents,79
11,engineering,68
12,management,68
13,process,59
14,erection,59
15,change,58
16,steel,53
17,requirements,52
18,structure,52
19,costs,49
20,delay,49
21,construction,49
22,issues,48
23,provide,48
24,concept,44
25,review,43
26,planning,41
27,detail,40
28,Improve,39
29,procedures,38
30,system,38
31,scope,37
32,building,37
33,client,37
34,team,36
35,level,36
36,scaffolding,35
37,installation,35
38,defined,35
39,crane,35
40,stage,35
41,FMFEL,33
42,HSE,33
43,equipment,33
44,needed,33
45,boiler,32
46,quality,31
47,NAECI,31
48,interface,30
49,turbine,30
50,standard,29
51,check,29
52,responsibility,29
53,approval,29
54,place,28
55,organisation,28
56,control,28
57,drawings,28
58,late,27
59,based,26
60,allow,26
61,plant,26
62,there,26
63,piping,25
64,access,25
65,information,25
66,Sisk,25
67,programme,23
68,different,23
69,insulation,23
70,expected,22
71,complete,22
72,effective,22
73,contractual,22
74,sub,22
75,amount,22
76,operation,22
77,agreed,22
78,impact,21
79,accepted,21
80,meetings,21
81,several,21
82,Include,21
83,items,21
84,customer,21
85,involvement,21
86,dates,21
87,understanding,21
88,Use,21
89,get,21
90,other,20
91,supervisor,20
92,developed,20
93,comments,20
94,delivery,20
95,data,20
96,support,20
97,tender,20
98,limited,20
99,enough,20
100,lead,20
101,etc,20
102,reasonable,20
103,lifting,20
104,internal,19
105,competency,19
106,execution,19
107,subcontractors,19
108,both,19
109,discussions,19
110,update,19
111,parties,19
112,approach,19
113,additional,19
114,parts,18
115,communication,18
116,ash,18
117,commercial,18
118,specific,18
119,over,18
120,risks,18
121,lot,17
122,cable,17
123,do,17
124,inspection,17
125,caused,17
126,TPM,17
127,according,17
128,experience,16
129,resources,16
130,our,16
131,very,16
132,It,16
133,must,16
134,Coordinator,16
135,reporting,16
136,poor,16
137,phase,16
138,services,16
139,In,16
140,remove,16
141,possible,16
142,progress,15
143,ensure,15
144,produce,15
145,staff,15
146,if,15
147,take,15
148,bunker,15
149,provisions,15
150,many,15
151,model,15
152,cover,14
153,conditions,14
154,increased,14
155,number,14
156,sequence,14
157,hopper,14
158,handling,14
159,way,14
160,office,14
161,early,14
162,sufficient,14
163,resulting,14
164,solution,14
165,house,14
166,piles,14
167,suppliers,13
168,RAMS,13
169,when,13
170,loads,13
171,implemented,13
172,followed,13
173,high,13
174,Not,13
175,already,13
176,Action,13
177,close,13
178,reduce,13
179,how,13
180,considered,12
181,established,12
182,A,12
183,point,12
184,instructions,12
185,general,12
186,company,12
187,under,12
188,foundation,12
189,input,12
190,these,12
191,procured,12
192,order,12
193,temporary,12
194,any,12
195,well,12
196,side,12
197,experienced,12
198,claims,12
199,units,11
200,make,11
201,so,11
202,ducts,11
203,floor,11
204,fire,11
205,start,11
206,always,11
207,location,11
208,feed,11
209,first,11
210,month,11
211,PC,11
212,who,11
213,full,11
214,manufacturing,11
215,various,11
216,built,11
217,Zurich,11
218,Department,11
219,supervision,11
220,Technical,10
221,Lack,10
222,fully,10
223,gaps,10
224,platforms,10
225,Safety,10
226,identified,10
227,Waste,10
228,areas,10
229,MEC,10
230,because,10
231,less,10
232,3D,10
233,within,10
234,performance,10
235,earlier,10
236,benefit,10
237,Also,10
238,minor,10
239,definition,10
240,related,10
241,Transport,10
242,effort,10
243,Substation,10
244,given,10
245,deal,10
246,still,10
247,training,10
248,DD,10
249,good,10
250,final,10
251,electrical,10
252,manpower,9
253,potential,9
254,fit,9
255,ground,9
256,power,9
257,happened,9
258,connections,9
259,person,9
260,joint,9
261,PIRS,9
262,Welding,9
263,difficult,9
264,type,9
265,much,9
266,extractor,9
267,prior,9
268,pressure,9
269,alignment,9
270,tracking,9
271,package,9
272,routing,9
273,discharge,9
274,respective,9
275,taken,9
276,correct,9
277,significant,9
278,current,9
279,back,9
280,key,9
281,end,9
282,hydraulic,9
283,sub-contractors,9
284,UK,9
285,list,9
286,employed,9
287,efficiency,9
288,where,9
289,milestones,9
290,submission,9
291,actual,9
292,until,9
293,hall,8
294,therefore,8
295,FGT,8
296,exchange,8
297,failed,8
298,measures,8
299,state,8
300,major,8
301,investigation,8
302,specs,8
303,revised,8
304,slab,8
305,missing,8
306,value,8
307,position,8
308,notice,8
309,necessary,8
310,layout,8
311,CEMS,8
312,avoid,8
313,people,8
314,turned,8
315,events,8
316,then,8
317,allocated,8
318,about,8
319,far,8
320,water,8
321,arrangement,8
322,study,8
323,filing,8
324,dedicated,8
325,sheets,8
326,complex,8
327,prepared,8
328,MEWPS,8
329,account,8
330,activities,8
331,overall,8
332,ready,8
333,above,8
334,applicable,8
335,More,8
336,combined,8
337,two,8
338,large,8
339,ambiguous,7
340,obligation,7
341,signs,7
342,each,7
343,cleaning,7
344,almost,7
345,contradicting,7
346,chutes,7
347,regular,7
348,certificates,7
349,money,7
350,HV,7
351,grouting,7
352,rules,7
353,qualifications,7
354,together,7
355,compliance,7
356,grate,7
357,come,7
358,c,7
359,DRD,7
360,members,7
361,bottom,7
362,existing,7
363,templates,7
364,plates,7
365,appropriate,7
366,case,7
367,concrete,7
368,common,7
369,line,7
370,NCRs,7
371,period,7
372,NEC,7
373,original,7
374,storage,7
375,left,7
376,tanks,7
377,groups,7
378,them,7
379,protection,7
380,infrastructure,7
381,hence,7
382,problems,7
383,last,7
384,Manual,7
385,audits,7
386,welfare,7
387,adjusted,7
388,rates,7
389,through,7
390,most,7
391,deliver,7
392,submit,7
393,main,7
394,roof,7
395,collaborative,7
396,inadequate,7
397,give,7
398,During,7
399,rooms,7
400,air,7
401,every,7
402,separate,7
403,minimum,7
404,request,7
405,monitoring,6
406,lift-in,6
407,example,6
408,capable,6
409,easier,6
410,such,6
411,saving,6
412,M,6
413,suitable,6
414,best,6
415,slowed,6
416,Better,6
417,EIC,6
418,situation,6
419,materials,6
420,asked,6
421,achieved,6
422,consequence,6
423,productivity,6
424,consideration,6
425,RDD,6
426,easily,6
427,columns,6
428,able,6
429,facilities,6
430,partly,6
431,extra,6
432,compensation,6
433,charge,6
434,maintenance,6
435,never,6
436,Siemens,6
437,became,6
438,later,6
439,individually,6
440,supply,6
441,show,6
442,Extensive,6
443,decision,6
444,heavy,6
445,long,6
446,Non,6
447,certain,6
448,E,6
449,does,6
450,objective,6
451,consultant,6
452,payment,6
453,off,6
454,clauses,6
455,records,6
456,b,6
457,workshop,6
458,Local,6
459,small,6
460,housekeeping,6
461,table,6
462,Earthing,6
463,same,6
464,instead,6
465,inexperienced,6
466,consumed,6
467,Have,6
468,manholes,6
469,selected,6
470,integrated,6
471,maintained,6
472,Perhaps,6
473,Docs,6
474,clarified,6
475,tests,5
476,hand,5
477,supposed,5
478,assess,5
479,lorry,5
480,terms,5
481,Commissioning,5
482,committed,5
483,lights,5
484,huge,5
485,normal,5
486,clash,5
487,his,5
488,per,5
489,regarding,5
490,mat,5
491,TQs,5
492,release,5
493,Sleeves,5
494,extended,5
495,feedback,5
496,moved,5
497,whole,5
498,Keep,5
499,filters,5
500,price,5
501,confusing,5
502,affected,5
503,To,5
504,Gate,5
505,BD,5
506,going,5
507,NEW,5
508,direct,5
509,apply,5
510,view,5
511,liabilities,5
512,incl,5
513,safe,5
514,riggers,5
515,insufficient,5
516,ITP,5
517,fix,5
518,galvanised,5
519,represent,5
520,got,5
521,put,5
522,Sales,5
523,mechanical,5
524,complicated,5
525,continuous,5
526,expensive,5
527,lengthy,5
528,copy,5
529,crawler,5
530,aspects,5
531,industrial,5
532,suggests,5
533,properly,5
534,resolution,5
535,weekly,5
536,held,5
537,being,5
538,rejected,5
539,practicable,5
540,agreement,5
541,etc.,5
542,described,5
543,help,5
544,special,5
545,knowledge,5
546,experts,5
547,qualified,5
548,At,5
549,ownership,5
550,see,5
551,Annex,5
552,down,5
553,schematics,5
554,TII,5
555,strategy,5
556,beginning,5
557,split,5
558,amended,5
559,Induction,5
560,laydown,5
561,previous,5
562,negotiations,5
563,repair,4
564,hoists,4
565,Eco,4
566,wrong,4
567,Clear,4
568,accurate,4
569,via,4
570,functions,4
571,trying,4
572,hire,4
573,aware,4
574,MFEL,4
575,WBS,4
576,relevant,4
577,introduced,4
578,Unusual,4
579,guidance,4
580,philosophies,4
581,-HZI,4
582,next,4
583,open,4
584,attendance,4
585,targets,4
586,voltages,4
587,proven,4
588,three,4
589,Challenging,4
590,hot,4
591,spent,4
592,-Review,4
593,shared,4
594,ship,4
595,overview,4
596,double,4
597,captured,4
598,sort,4
599,send,4
600,critical,4
601,forward,4
602,CSP,4
603,F,4
604,formality,4
605,prevented,4
606,hours,4
607,partial,4
608,status,4
609,similar,4
610,receive,4
611,painted,4
612,monthly,4
613,SSE,4
614,took,4
615,another,4
616,wording,4
617,day,4
618,substantial,4
619,Cooperation,4
620,PCM,4
621,purchasing,4
622,Loss,4
623,incomplete,4
624,outset,4
625,layer,4
626,mind,4
627,meaning,4
628,volumes,4
629,BS,4
630,directly,4
631,inefficiencies,4
632,quicker,4
633,Misunderstanding,4
634,permitted,4
635,steelwork,4
636,bid,4
637,PID,4
638,contents,4
639,mobilization,4
640,higher,4
641,initial,4
642,meant,4
643,subject,4
644,likely,4
645,unnecessary,4
646,weather,4
647,job,4
648,prove,4
649,particular,4
650,culture,4
651,lost,4
652,confirmed,4
653,came,4
654,incidents,4
655,heat,4
656,shallow,4
657,really,4
658,went,4
659,comply,4
660,below,4
661,understood,4
662,excessive,4
663,tipping,4
664,trades,4
665,difficulty,4
666,pre-erection,4
667,n't,4
668,regularly,4
669,proposal,4
670,English,4
671,address,4
672,containers,4
673,height,4
674,real,4
675,DRCs,4
676,answers,4
677,created,4
678,Too,4
679,Admin,4
680,-Delays,4
681,learnings,4
682,although,4
683,cladding,4
684,Contact,3
685,E-containers,3
686,clarification,3
687,short,3
688,Some,3
689,evaluated,3
690,wish,3
691,he,3
692,find,3
693,particularly,3
694,lagging,3
695,i.e,3
696,calculated,3
697,contentious,3
698,added,3
699,shift,3
700,against,3
701,specified,3
702,Nothing,3
703,basic,3
704,bundles,3
705,collisions,3
706,rely,3
707,One,3
708,once,3
709,top,3
710,run,3
711,rework,3
712,penalties,3
713,matching,3
714,switchgear,3
715,On,3
716,partners,3
717,Queries,3
718,teeth,3
719,s,3
720,workers,3
721,NEC3,3
722,HVAC,3
723,inside,3
724,strict,3
725,E-Schematics,3
726,chosen,3
727,may,3
728,sense,3
729,passed,3
730,chance,3
731,foam,3
732,Subcontracting,3
733,accommodation,3
734,form,3
735,cylinder,3
736,assure,3
737,Proceed,3
738,dewatering,3
739,discipline,3
740,PTS,3
741,unexpected,3
742,paramedic,3
743,16.01,3
744,correctly,3
745,P6,3
746,d,3
747,…,3
748,entirely,3
749,freeze,3
750,mistakes,3
751,capacity,3
752,brought,3
753,AVL,3
754,Ferrybridge,3
755,space,3
756,costly,3
757,suspected,3
758,sealing,3
759,PM,3
760,stick,3
761,carried,3
762,thinking,3
763,weights,3
764,modified,3
765,matrix,3
766,Blanking,3
767,traffic,3
768,raised,3
769,dismantle,3
770,hazard,3
771,QA,3
772,Single,3
773,fighting,3
774,again,3
775,leave,3
776,sensors,3
777,Spend,3
778,We,3
779,finished,3
780,years,3
781,greater,3
782,WSC,3
783,adequate,3
784,across,3
785,embedded,3
786,either,3
787,principle,3
788,hierarchy,3
789,instrument,3
790,surprises,3
791,anticipated,3
792,ID,3
793,wants,3
794,decide,3
795,numerical,3
796,attached,3
797,invest,3
798,personnel,3
799,eventually,3
800,enforcing,3
801,setup,3
802,priority,3
803,rather,3
804,Environmental,3
805,riddling,3
806,right,3
807,MCC,3
808,look,3
809,Economiser,3
810,policy,3
811,promote,3
812,permanent,3
813,questions,3
814,piece,3
815,incorrect,3
816,ca,3
817,mutual,3
818,intentions,3
819,As,3
820,Recommendation,3
821,hold,3
822,strictly,3
823,financially,3
824,dip,3
825,strategic,3
826,drawn,3
827,For,3
828,authorities,3
829,hindrance,3
830,falling,3
831,security,3
832,expertise,3
833,AIIs,3
834,CDM,3
835,plus,3
836,fulfilled,3
837,damaged,3
838,Due,3
839,further,3
840,written,3
841,Pre-Contract,3
842,attitude,3
843,verification,2
844,little,2
845,conducted,2
846,Easy,2
847,lay-out,2
848,Mainly,2
849,Reloading,2
850,refractory,2
851,basis,2
852,just,2
853,entry,2
854,PDF,2
855,towards,2
856,assembly,2
857,parking,2
858,qm,2
859,drafted,2
860,least,2
861,insisted,2
862,rest,2
863,longer,2
864,mobilised,2
865,horizontal,2
866,since,2
867,NDT,2
868,heaviest,2
869,nozzles,2
870,incentive,2
871,-pressure,2
872,say,2
873,pillars,2
874,reminder,2
875,mentioned,2
876,stator,2
877,past,2
878,handover,2
879,significantly,2
880,buried,2
881,chapters,2
882,interfere,2
883,wear,2
884,handrail,2
885,division,2
886,probably,2
887,wait,2
888,-Improve,2
889,Tightness,2
890,SPA,2
891,disruption,2
892,Authorisation,2
893,pictures,2
894,comparison,2
895,Furthermore,2
896,logic,2
897,compares,2
898,quite,2
899,Annex2,2
900,global,2
901,feasible,2
902,eyes,2
903,usually,2
904,hood,2
905,delineation,2
906,incentivised,2
907,fabrication,2
908,Underestimate,2
909,centre,2
910,They,2
911,exceptional,2
912,incoming,2
913,uncertainness,2
914,valid,2
915,size,2
916,name,2
917,profile,2
918,demanding,2
919,precious,2
920,serious,2
921,man,2
922,MTS,2
923,strikes,2
924,comprehensive,2
925,overruns,2
926,jointly,2
927,vehicle,2
928,settlements,2
929,intended,2
930,assign,2
931,especially,2
932,penalised,2
933,EPC,2
934,Was,2
935,modifications,2
936,assumptions,2
937,preferred,2
938,usable,2
939,appoint,2
940,Smaller,2
941,simply,2
942,manner,2
943,encourage,2
944,reliable,2
945,quotation,2
946,analysis,2
947,peak,2
948,unclear,2
949,deinstalled,2
950,frozen,2
951,suspension,2
952,Corrosion,2
953,occurrence,2
954,components,2
955,stored,2
956,subsequent,2
957,virtually,2
958,explanation,2
959,speaks,2
960,and/or,2
961,availability,2
962,EN,2
963,health,2
964,cope,2
965,us,2
966,headaches,2
967,hardly,2
968,however,2
969,focus,2
970,led,2
971,wall,2
972,0.00,2
973,mitigation,2
974,Cs,2
975,Had,2
976,conveyor,2
977,T,2
978,mostly,2
979,WPS,2
980,creation,2
981,stand,2
982,adhered,2
983,Hospital,2
984,depending,2
985,transformer,2
986,happy,2
987,known,2
988,dimensions,2
989,What,2
990,Logistics,2
991,BOQ,2
992,circumstance,2
993,singular,2
994,format,2
995,EN13480,2
996,scrap,2
997,thoroughly,2
998,successful,2
999,sleepers,2
1000,Ers,2
1001,Center,2
1002,while,2
1003,CPP,2
1004,expansion,2
1005,signature,2
1006,loads/lifting,2
1007,Halimak,2
1008,gravel,2
1009,settled,2
1010,framework,2
1011,interpret,2
1012,arguing,2
1013,latest,2
1014,simple,2
1015,indicate,2
1016,metal,2
1017,ED3,2
1018,commence,2
1019,Placement,2
1020,undertake,2
1021,timber,2
1022,panels,2
1023,finalised,2
1024,remain,2
1025,Cheapest,2
1026,archeology,2
1027,lose,2
1028,often,2
1029,traverse,2
1030,administered,2
1031,here,2
1032,refused,2
1033,21.2,2
1034,timescales,2
1035,tell,2
1036,disputes,2
1037,source,2
1038,incorporate,2
1039,NAECI-experienced,2
1040,away,2
1041,elevation,2
1042,EA,2
1043,rectified,2
1044,implications,2
1045,error,2
1046,delegated,2
1047,reflected,2
1048,deck,2
1049,absence,2
1050,alternative,2
1051,geographic,2
1052,blow,2
1053,EOT,2
1054,...,2
1055,unable,2
1056,tool,2
1057,necessarily,2
1058,believe,2
1059,elements,2
1060,Corporate,2
1061,resistant,2
1062,drying,2
1063,sent,2
1064,realistic,2
1065,withheld,2
1066,envisaged,2
1067,Pulling,2
1068,accident,2
1069,Class,2
1070,energy,2
1071,bridge,2
1072,add,2
1073,Primavera,2
1074,know,2
1075,method,2
1076,probes,2
1077,adversarial,2
1078,visits,2
1079,QA/QC,2
1080,minute,2
1081,deviations,2
1082,alone,2
1083,DCS,2
1084,master,2
1085,fact,2
1086,NTP,2
1087,resolve,2
1088,FICHTNER,2
1089,kept,2
1090,head,2
1091,emails,2
1092,faster,2
1093,restore,2
1094,Set,2
1095,contingency,2
1096,demonstrated,2
1097,visible,2
1098,fixation,2
1099,durations,2
1100,antiquities,2
1101,hard,2
1102,uncoordinated,2
1103,termination,2
1104,comfortable,2
1105,distribution,2
1106,electronically,2
1107,invariably,2
1108,accordingly,2
1109,meaningful,2
1110,stop,2
1111,holiday,2
1112,face-to-face,2
1113,Z,2
1114,spare,2
1115,Clearly,2
1116,regulations,2
1117,Concerns,2
1118,returns,2
1119,logged,2
1120,fossils,2
1121,rigging,2
1122,weeks,2
1123,concept/approach,2
1124,-Take,1
1125,14.1,1
1126,n/a,1
1127,-clauses,1
1128,-NEC3,1
1129,redesign,1
1130,60.1,1
1131,somewhere,1
1132,bang,1
1133,pre-determined,1
1134,glanding,1
1135,NO,1
1136,Sound,1
1137,harmonising,1
1138,deactivated,1
1139,historical,1
1140,page,1
1141,bed,1
1142,checklist,1
1143,recover,1
1144,-Contributed,1
1145,AIC,1
1146,turnaround,1
1147,Slap,1
1148,overt,1
1149,near,1
1150,Break,1
1151,simulated,1
1152,in-between,1
1153,retrospectively,1
1154,shortly,1
1155,beneficial,1
1156,few,1
1157,-Standardize,1
1158,Invoices/progress,1
1159,traditional,1
1160,failure,1
1161,closer,1
1162,FM2,1
1163,multiple,1
1164,through-put,1
1165,toasters,1
1166,exactly,1
1167,live,1
1168,triggered,1
1169,standardised,1
1170,things,1
1171,spreadsheet,1
1172,archealogy,1
1173,fencing,1
1174,trays,1
1175,join,1
1176,-key,1
1177,discouraging,1
1178,'ve,1
1179,FF,1
1180,unreasonable,1
1181,budget,1
1182,11.2,1
1183,remedy,1
1184,Program,1
1185,sub-contract,1
1186,load-,1
1187,disturbing,1
1188,cancelled,1
1189,undertaken,1
1190,self,1
1191,despite,1
1192,Freelancers,1
1193,PD/,1
1194,3-D,1
1195,felt,1
1196,control..,1
1197,spectrum,1
1198,exposed,1
1199,design/procurement,1
1200,participate,1
1201,Natus,1
1202,3rd,1
1203,degree,1
1204,discovered,1
1205,unqualified,1
1206,opportunity,1
1207,-Slow,1
1208,unmanageable,1
1209,withholding,1
1210,long.,1
1211,mid,1
1212,unpredictability,1
1213,Tilting,1
1214,asset,1
1215,on-site,1
1216,straight,1
1217,Pavements,1
1218,zero,1
1219,xre,1
1220,task-force,1
1221,pace,1
1222,percentage,1
1223,Beck,1
1224,-all,1
1225,your,1
1226,conveyer,1
1227,site-Engineering,1
1228,path,1
1229,robust,1
1230,conducive,1
1231,unsatisfactory,1
1232,Friday,1
1233,re-routing,1
1234,500MW,1
1235,mere,1
1236,contracor,1
1237,overlooked,1
1238,15minutes,1
1239,shop,1
1240,MW,1
1241,credibility,1
1242,Night,1
1243,HZI/SISK,1
1244,sub-standard,1
1245,obtain,1
1246,contig,1
1247,handbook,1
1248,-Lack,1
1249,contract/scope,1
1250,administration,1
1251,-Slab,1
1252,excuded,1
1253,GCB,1
1254,alterations,1
1255,trusted,1
1256,undoable,1
1257,legislation,1
1258,anyway,1
1259,lifecycle,1
1260,NoBo,1
1261,imprecise,1
1262,office/welfare,1
1263,wide,1
1264,reserves,1
1265,observe,1
1266,something,1
1267,burn,1
1268,signage,1
1269,BD1,1
1270,headcount,1
1271,A/E,1
1272,BDP,1
1273,emphasis,1
1274,earthbars,1
1275,dropped,1
1276,Hall…,1
1277,Convince,1
1278,envelope,1
1279,stoppages,1
1280,-revise,1
1281,valve,1
1282,adjacent,1
1283,LD,1
1284,Before,1
1285,impractical,1
1286,satisfied,1
1287,busy,1
1288,smooth,1
1289,terminology,1
1290,liberal,1
1291,quantify,1
1292,Natus-HZI,1
1293,3.3.4,1
1294,WTE,1
1295,disruption/delay,1
1296,computerised,1
1297,Pre,1
1298,unknown,1
1299,recoverable,1
1300,LV,1
1301,inspection/MEC.,1
1302,sandbox,1
1303,proper,1
1304,bit,1
1305,parallel,1
1306,Up/Construction,1
1307,PR,1
1308,QA-documentation,1
1309,reacting,1
1310,book,1
1311,STG,1
1312,footpaths,1
1313,rails,1
1314,poorly,1
1315,accreditation,1
1316,economic,1
1317,Non-,1
1318,BoP/duct,1
1319,spread,1
1320,gave,1
1321,AI,1
1322,sum,1
1323,BMS,1
1324,roles,1
1325,-Customer,1
1326,wet,1
1327,Ammonia,1
1328,anyone,1
1329,dmeb,1
1330,offer,1
1331,expire,1
1332,UK-suppliers,1
1333,freedom,1
1334,ages,1
1335,force,1
1336,Universal,1
1337,WAH,1
1338,topics,1
1339,vibration,1
1340,decreasing,1
1341,shorly,1
1342,BD3,1
1343,boarding,1
1344,21.4,1
1345,serve,1
1346,detrimentally,1
1347,advice,1
1348,car,1
1349,root,1
1350,-concurrent,1
1351,Marked,1
1352,Prototype,1
1353,43.1,1
1354,nil,1
1355,essence,1
1356,FIS,1
1357,Shortage,1
1358,timelines,1
1359,consequential,1
1360,King,1
1361,soil,1
1362,IR,1
1363,blaming,1
1364,Purchasing/Commercial,1
1365,useless,1
1366,horizonal,1
1367,conjunction,1
1368,approx,1
1369,previously,1
1370,”,1
1371,3.3.6,1
1372,grammatical,1
1373,financing,1
1374,SU,1
1375,itself,1
1376,figures,1
1377,there…..,1
1378,worst,1
1379,lanyards,1
1380,compromise,1
1381,forgiving,1
1382,L1part…,1
1383,burden,1
1384,afternoon,1
1385,Simplify,1
1386,MEC's,1
1387,est,1
1388,overly,1
1389,-Scaffolding,1
1390,clamping,1
1391,eliminate,1
1392,Ardently,1
1393,behind,1
1394,-Earlier,1
1395,requirements/chapters,1
1396,walkways,1
1397,cloud,1
1398,Snag,1
1399,bore,1
1400,Inconsistencies,1
1401,req,1
1402,skips,1
1403,oil,1
1404,Indirect,1
1405,adapted/changed,1
1406,driven,1
1407,demob,1
1408,disagreement,1
1409,Manchester,1
1410,reliance,1
1411,curves,1
1412,technology,1
1413,optimise,1
1414,roads,1
1415,Co,1
1416,regions,1
1417,Mapress,1
1418,-Schedule,1
1419,automated,1
1420,tag,1
1421,reply,1
1422,proof,1
1423,half,1
1424,iteration,1
1425,adhoc,1
1426,met,1
1427,none,1
1428,retaining,1
1429,Pre-work,1
1430,-Not,1
1431,intervals,1
1432,worse,1
1433,taskforce,1
1434,geography,1
1435,Baubegleitend,1
1436,organization,1
1437,devices,1
1438,req.waste,1
1439,VO,1
1440,escalation,1
1441,important,1
1442,practise,1
1443,demountable,1
1444,sovereign,1
1445,onsite,1
1446,elsewhere,1
1447,neither,1
1448,-Affected,1
1449,Simpler,1
1450,11kV,1
1451,explanatory,1
1452,Now,1
1453,sanity,1
1454,Great,1
1455,public,1
1456,site.,1
1457,pipework,1
1458,DB,1
1459,clearance,1
1460,false,1
1461,ambiguites,1
1462,superheater,1
1463,zone,1
1464,-Although,1
1465,From,1
1466,19.1,1
1467,-Simplify,1
1468,An,1
1469,input/support,1
1470,TRA,1
1471,320.,1
1472,stairs,1
1473,satisfaction,1
1474,coordinator/Docs,1
1475,balance,1
1476,sprinkler,1
1477,development/training,1
1478,plausible,1
1479,BD2,1
1480,usage,1
1481,carryout,1
1482,Starcore,1
1483,ongoing,1
1484,soon,1
1485,assist,1
1486,-Access,1
1487,nurgatory,1
1488,e-mails,1
1489,readily,1
1490,unforeseen,1
1491,criteria,1
1492,depth,1
1493,re,1
1494,duties,1
1495,staircores,1
1496,capped,1
1497,Decouple,1
1498,pushed,1
1499,himself,1
1500,aiders,1
1501,optimized,1
1502,consumption,1
1503,fast,1
1504,RIS,1
1505,onto,1
1506,pipe/cable,1
1507,instigation,1
1508,pressurising,1
1509,stay,1
1510,front,1
1511,architectural,1
1512,winter,1
1513,deadlines,1
1514,discovery,1
1515,blocks,1
1516,-excellent,1
1517,style,1
1518,interrogated,1
1519,buying,1
1520,2D,1
1521,third,1
1522,opinion,1
1523,fairness,1
1524,proactive,1
1525,realized,1
1526,ever,1
1527,bi-weekly,1
1528,immediately,1
1529,Preservation/protection,1
1530,fields,1
1531,pit,1
1532,barely,1
1533,60.3,1
1534,xer,1
1535,arly,1
1536,influence,1
1537,more…,1
1538,RDDE,1
1539,SIS,1
1540,opposed,1
1541,Corner,1
1542,-One,1
1543,wiring,1
1544,barriers,1
1545,engaged,1
1546,intensified,1
1547,paid/,1
1548,whether,1
1549,possession,1
1550,you,1
1551,alarm,1
1552,station,1
1553,blue,1
1554,edition,1
1555,-Inspection,1
1556,-Contract,1
1557,crawl,1
1558,technical/process,1
1559,constantly,1
1560,facilitate,1
1561,database,1
1562,Lifting/rigging,1
1563,proportionally,1
1564,whose,1
1565,3D-Model,1
1566,nature,1
1567,F/B,1
1568,semi/automatically,1
1569,resubmission,1
1570,61.3,1
1571,landing,1
1572,Croatian,1
1573,else,1
1574,Would,1
1575,mode,1
1576,instances,1
1577,-project,1
1578,found,1
1579,Title,1
1580,Stuck,1
1581,sudden,1
1582,anywhere,1
1583,3.2.4,1
1584,M+E,1
1585,counter,1
1586,variations,1
1587,unwieldy,1
1588,speed,1
1589,inspections/witness,1
1590,rental,1
1591,diagram,1
1592,face,1
1593,lifting/turning,1
1594,norms,1
1595,flags,1
1596,hindered,1
1597,ITP`s,1
1598,befit,1
1599,ED2,1
1600,my,1
1601,exacerbated,1
1602,drainage,1
1603,broken,1
1604,nuclear,1
1605,-early,1
1606,interact,1
1607,I/O,1
1608,afterwards,1
1609,Fryston,1
1610,e.g.,1
1611,4.5,1
1612,Phil,1
1613,replace,1
1614,tolerances,1
1615,max,1
1616,hangers,1
1617,-T/H,1
1618,exact,1
1619,server,1
1620,0er,1
1621,staffing,1
1622,compressed,1
1623,rapid,1
1624,41m,1
1625,unambiguous,1
1626,Centrals,1
1627,tasks,1
1628,belt,1
1629,shorter,1
1630,sold,1
1631,insertion,1
1632,incurred,1
1633,strongly,1
1634,Turnstiles,1
1635,middle,1
1636,3.3.5,1
1637,factored,1
1638,battery,1
1639,feel,1
1640,advised,1
1641,conceptual,1
1642,appearing,1
1643,protracted,1
1644,MV,1
1645,legal,1
1646,four,1
1647,planer,1
1648,range,1
1649,HZT,1
1650,conflicting,1
1651,smoothly,1
1652,Convenient,1
1653,channels,1
1654,Ainscough,1
1655,deducted,1
1656,E-Package,1
1657,invoiced,1
1658,unfortunately,1
1659,etc…,1
1660,systematic,1
1661,bus,1
1662,cleaners,1
1663,course,1
1664,weak,1
1665,SIL,1
1666,P,1
1667,breadth,1
1668,-Consider,1
1669,-Pipe,1
1670,upcoming,1
1671,in-scope,1
1672,company.,1
1673,-SPA,1
1674,breach,1
1675,door,1
1676,directory,1
1677,Z-Clauses,1
1678,haver,1
1679,outside/,1
1680,simplicity,1
1681,act,1
1682,signalling,1
1683,expression,1
1684,QGR,1
1685,resp,1
1686,Pre-insulation,1
1687,beams,1
1688,outside,1
1689,preerection,1
1690,M/F,1
1691,-certain,1
1692,-Subcontractor,1
1693,Anything,1
1694,description,1
1695,big,1
1696,Enormous,1
1697,pre-qualification,1
1698,prediction,1
1699,switchboard,1
1700,27.3,1
1701,misused,1
1702,ok,1
1703,louvers,1
1704,conclusion,1
1705,bullet-proof,1
1706,1B,1
1707,series,1
1708,plinths,1
1709,earliest,1
1710,owner,1
1711,63.4,1
1712,GF,1
1713,software,1
1714,Rotor,1
1715,60.2,1
1716,CE,1
1717,ressources,1
1718,Quasi-Predictable,1
1719,fines,1
1720,seem,1
1721,Simplification,1
1722,repeatedly,1
1723,verify,1
1724,ACC,1
1725,FB1,1
1726,pre-manufactured,1
1727,antagonism,1
1728,GP,1
1729,outcomes,1
1730,treated,1
1731,E.g,1
1732,design/concept,1
1733,reapplicate,1
1734,saw,1
1735,trace,1
1736,car-parking,1
1737,imposed,1
1738,Erection/Insulation,1
1739,chain,1
1740,revisit,1
1741,unless,1
1742,introduction,1
1743,anymore,1
1744,web,1
1745,worth,1
1746,regulatory,1
1747,responded,1
1748,compound,1
1749,branded,1
1750,art,1
1751,neglected,1
1752,relatively,1
1753,urgency,1
1754,-tender,1
1755,re-induction,1
1756,workload,1
1757,rerouting,1
1758,FDS,1
1759,cycle,1
1760,Pre-assembly,1
1761,expand,1
1762,ideas,1
1763,precisely,1
1764,rounds,1
1765,paper,1
1766,'training,1
1767,works/equipment,1
1768,-Contractors,1
1769,fans,1
1770,fairly,1
1771,unrealistic,1
1772,obstructing,1
1773,versions,1
1774,-Site,1
1775,physical,1
1776,daily,1
1777,enable,1
1778,opted,1
1779,Underperforming,1
1780,fundamentally,1
1781,check/release,1
1782,unequivocal,1
1783,promised,1
1784,delay/cost,1
1785,advanced,1
1786,concreate,1
1787,nor,1
1788,long-term,1
1789,Tower,1
1790,netting,1
1791,Could,1
1792,consistent,1
1793,chambers,1
1794,Assume,1
1795,even,1
1796,Only,1
1797,insitu,1
1798,irrespective,1
1799,non-effective,1
1800,unsuccessful,1
1801,excel,1
1802,immeasurable,1
1803,chase,1
1804,advantages,1
1805,responses…,1
1806,timeliness,1
1807,timeframe,1
1808,paid,1
1809,overdesign,1
1810,long-life,1
1811,SW,1
1812,statistics,1
1813,substitution,1
1814,well-described,1
1815,exaggeration,1
1816,E-Rooms,1
1817,receptionists,1
1818,notification,1
1819,cabinet,1
1820,blowdown,1
1821,accessories,1
1822,welder,1
1823,Manger,1
1824,detection,1
1825,cash-flow,1
1826,harmonious,1
1827,bad,1
1828,diligence,1
1829,slip,1
1830,-Commissioning,1
1831,contributed,1
1832,H+S,1
1833,2.6,1
1834,thermal,1
1835,realised,1
1836,formalised,1
1837,AC,1
1838,fridges,1
1839,Up,1
1840,fell,1
1841,-Extensive,1
1842,preparedness,1
1843,outlining,1
1844,props,1
1845,Why,1
1846,After,1
1847,nominate,1
1848,concept/sequence,1
1849,min,1
1850,cabins,1
1851,somehow,1
1852,sub-packages,1
1853,couple,1
1854,Reaction,1
1855,HO,1
1856,compliant,1
1857,comment/,1
1858,temp.design,1
1859,revealed,1
1860,machine,1
1861,-dual,1
1862,flow,1
1863,loops,1
1864,belief,1
1865,i.e.,1
1866,struggling,1
1867,Christmas,1
1868,utilise,1
1869,CCR,1
1870,superficial,1
1871,With,1
1872,collectively,1
1873,-repetitive,1
1874,concurrent,1
1875,called,1
1876,backfill,1
1877,care,1
1878,4th,1
1879,pack,1
1880,“Generation,1
1881,manoeuvre,1
1882,occasion,1
1883,–,1
1884,100k,1
1885,hardstandings,1
1886,Or,1
1887,120min,1
1888,1000s,1
1889,penthouse,1
1890,Excavation,1
1891,beforehand,1
1892,BSL,1
1893,arose..,1
1894,award,1
1895,background,1
1896,apportioned,1
1897,output,1
1898,thorough,1
1899,dead,1
1900,suffered,1
1901,That,1
1902,Offsite,1
